front|back
Supervised Learning ğŸ¤–|Subset of machine learning that predicts a target label given labeled data.
Classification ğŸ¯|Subset of supervised learning where the target class is discrete.
Regression ğŸ“ˆ|Subset of supervised learning where the target class is continuous.
Confusion Matrix ğŸ¤”|Matrix displaying model performance in classification.
Precision, Recall, F-1 Score ğŸ“Š|Metrics to evaluate classification performance for each class.
Mean Squared Error (MSE) ğŸ“‰|Average of squared differences between real and predicted values in regression.
k-Nearest Neighbors (kNN) ğŸ§®|Simple method for supervised learning based on nearest points.
Decision Trees ğŸŒ³|Tree-like structure used for making decisions in supervised learning.
Random Forests ğŸŒ²|Ensemble method of decision trees to improve model performance.
